{"model":{"type":"composite","models":[{"type":"minecraft:model","model":"minecraft:item/splash_potion","tints":[{"type":"minecraft:potion","default":-13083194}]},{"type":"minecraft:select","property":"minecraft:component","component":"minecraft:potion_contents","cases":[{"when":{"potion":"minecraft:mundane"},"model":{"type":"minecraft:model","model":"minecraft:item/effect_icon/mundane"}},{"when":{"potion":"minecraft:thick"},"model":{"type":"minecraft:model","model":"minecraft:item/effect_icon/thick"}},{"when":{"potion":"minecraft:awkward"},"model":{"type":"minecraft:model","model":"minecraft:item/effect_icon/awkward"}},{"when":{"potion":"minecraft:night_vision"},"model":{"type":"minecraft:model","model":"minecraft:item/effect_icon/night_vision"}},{"when":{"potion":"minecraft:long_night_vision"},"model":{"type":"minecraft:composite","models":[{"type":"model","model":"minecraft:item/effect_icon/night_vision"},{"type":"minecraft:model","model":"minecraft:item/effect_icon/long"}]}},{"when":{"potion":"minecraft:invisibility"},"model":{"type":"minecraft:model","model":"minecraft:item/effect_icon/invisibility"}},{"when":{"potion":"minecraft:long_invisibility"},"model":{"type":"minecraft:composite","models":[{"type":"minecraft:model","model":"minecraft:item/effect_icon/invisibility"},{"type":"minecraft:model","model":"minecraft:item/effect_icon/long"}]}},{"when":{"potion":"minecraft:leaping"},"model":{"type":"minecraft:model","model":"minecraft:item/effect_icon/leaping"}},{"when":{"potion":"minecraft:long_leaping"},"model":{"type":"minecraft:composite","models":[{"type":"minecraft:model","model":"minecraft:item/effect_icon/leaping"},{"type":"minecraft:model","model":"minecraft:item/effect_icon/long"}]}},{"when":{"potion":"minecraft:strong_leaping"},"model":{"type":"minecraft:composite","models":[{"type":"minecraft:model","model":"minecraft:item/effect_icon/leaping"},{"type":"minecraft:model","model":"minecraft:item/effect_icon/strong"}]}},{"when":{"potion":"minecraft:fire_resistance"},"model":{"type":"minecraft:model","model":"minecraft:item/effect_icon/fire_resistance"}},{"when":{"potion":"minecraft:long_fire_resistance"},"model":{"type":"minecraft:composite","models":[{"type":"minecraft:model","model":"minecraft:item/effect_icon/fire_resistance"},{"type":"minecraft:model","model":"minecraft:item/effect_icon/long"}]}},{"when":{"potion":"minecraft:swiftness"},"model":{"type":"minecraft:model","model":"minecraft:item/effect_icon/swiftness"}},{"when":{"potion":"minecraft:long_swiftness"},"model":{"type":"minecraft:composite","models":[{"type":"minecraft:model","model":"minecraft:item/effect_icon/swiftness"},{"type":"minecraft:model","model":"minecraft:item/effect_icon/long"}]}},{"when":{"potion":"minecraft:strong_swiftness"},"model":{"type":"minecraft:composite","models":[{"type":"minecraft:model","model":"minecraft:item/effect_icon/swiftness"},{"type":"minecraft:model","model":"minecraft:item/effect_icon/strong"}]}},{"when":{"potion":"minecraft:slowness"},"model":{"type":"minecraft:model","model":"minecraft:item/effect_icon/slowness"}},{"when":{"potion":"minecraft:long_slowness"},"model":{"type":"minecraft:composite","models":[{"type":"minecraft:model","model":"minecraft:item/effect_icon/slowness"},{"type":"minecraft:model","model":"minecraft:item/effect_icon/long"}]}},{"when":{"potion":"minecraft:strong_slowness"},"model":{"type":"minecraft:composite","models":[{"type":"minecraft:model","model":"minecraft:item/effect_icon/slowness"},{"type":"minecraft:model","model":"minecraft:item/effect_icon/strong"}]}},{"when":{"potion":"minecraft:turtle_master"},"model":{"type":"minecraft:model","model":"minecraft:item/effect_icon/turtle_master"}},{"when":{"potion":"minecraft:long_turtle_master"},"model":{"type":"minecraft:composite","models":[{"type":"minecraft:model","model":"minecraft:item/effect_icon/turtle_master"},{"type":"minecraft:model","model":"minecraft:item/effect_icon/long"}]}},{"when":{"potion":"minecraft:strong_turtle_master"},"model":{"type":"minecraft:composite","models":[{"type":"minecraft:model","model":"minecraft:item/effect_icon/turtle_master"},{"type":"minecraft:model","model":"minecraft:item/effect_icon/strong"}]}},{"when":{"potion":"minecraft:water_breathing"},"model":{"type":"minecraft:model","model":"minecraft:item/effect_icon/water_breathing"}},{"when":{"potion":"minecraft:long_water_breathing"},"model":{"type":"minecraft:composite","models":[{"type":"minecraft:model","model":"minecraft:item/effect_icon/water_breathing"},{"type":"minecraft:model","model":"minecraft:item/effect_icon/long"}]}},{"when":{"potion":"minecraft:healing"},"model":{"type":"minecraft:model","model":"minecraft:item/effect_icon/healing"}},{"when":{"potion":"minecraft:strong_healing"},"model":{"type":"minecraft:composite","models":[{"type":"minecraft:model","model":"minecraft:item/effect_icon/healing"},{"type":"minecraft:model","model":"minecraft:item/effect_icon/strong"}]}},{"when":{"potion":"minecraft:harming"},"model":{"type":"minecraft:model","model":"minecraft:item/effect_icon/harming"}},{"when":{"potion":"minecraft:strong_harming"},"model":{"type":"minecraft:composite","models":[{"type":"minecraft:model","model":"minecraft:item/effect_icon/harming"},{"type":"minecraft:model","model":"minecraft:item/effect_icon/strong"}]}},{"when":{"potion":"minecraft:poison"},"model":{"type":"minecraft:model","model":"minecraft:item/effect_icon/poison"}},{"when":{"potion":"minecraft:long_poison"},"model":{"type":"minecraft:composite","models":[{"type":"minecraft:model","model":"minecraft:item/effect_icon/poison"},{"type":"minecraft:model","model":"minecraft:item/effect_icon/long"}]}},{"when":{"potion":"minecraft:strong_poison"},"model":{"type":"minecraft:composite","models":[{"type":"minecraft:model","model":"minecraft:item/effect_icon/poison"},{"type":"minecraft:model","model":"minecraft:item/effect_icon/strong"}]}},{"when":{"potion":"minecraft:regeneration"},"model":{"type":"minecraft:model","model":"minecraft:item/effect_icon/regeneration"}},{"when":{"potion":"minecraft:long_regeneration"},"model":{"type":"minecraft:composite","models":[{"type":"minecraft:model","model":"minecraft:item/effect_icon/regeneration"},{"type":"minecraft:model","model":"minecraft:item/effect_icon/long"}]}},{"when":{"potion":"minecraft:strong_regeneration"},"model":{"type":"minecraft:composite","models":[{"type":"minecraft:model","model":"minecraft:item/effect_icon/regeneration"},{"type":"minecraft:model","model":"minecraft:item/effect_icon/strong"}]}},{"when":{"potion":"minecraft:strength"},"model":{"type":"minecraft:model","model":"minecraft:item/effect_icon/strength"}},{"when":{"potion":"minecraft:long_strength"},"model":{"type":"minecraft:composite","models":[{"type":"minecraft:model","model":"minecraft:item/effect_icon/strength"},{"type":"minecraft:model","model":"minecraft:item/effect_icon/long"}]}},{"when":{"potion":"minecraft:strong_strength"},"model":{"type":"minecraft:composite","models":[{"type":"minecraft:model","model":"minecraft:item/effect_icon/strength"},{"type":"minecraft:model","model":"minecraft:item/effect_icon/strong"}]}},{"when":{"potion":"minecraft:weakness"},"model":{"type":"minecraft:model","model":"minecraft:item/effect_icon/weakness"}},{"when":{"potion":"minecraft:long_weakness"},"model":{"type":"minecraft:composite","models":[{"type":"minecraft:model","model":"minecraft:item/effect_icon/weakness"},{"type":"minecraft:model","model":"minecraft:item/effect_icon/long"}]}},{"when":{"potion":"minecraft:luck"},"model":{"type":"minecraft:model","model":"minecraft:item/effect_icon/luck"}},{"when":{"potion":"minecraft:slow_falling"},"model":{"type":"minecraft:model","model":"minecraft:item/effect_icon/slow_falling"}},{"when":{"potion":"minecraft:long_slow_falling"},"model":{"type":"minecraft:composite","models":[{"type":"minecraft:model","model":"minecraft:item/effect_icon/slow_falling"},{"type":"minecraft:model","model":"minecraft:item/effect_icon/long"}]}},{"when":{"potion":"minecraft:wind_charged"},"model":{"type":"minecraft:model","model":"minecraft:item/effect_icon/wind_charged"}},{"when":{"potion":"minecraft:weaving"},"model":{"type":"minecraft:model","model":"minecraft:item/effect_icon/weaving"}},{"when":{"potion":"minecraft:oozing"},"model":{"type":"minecraft:model","model":"minecraft:item/effect_icon/oozing"}},{"when":{"potion":"minecraft:infested"},"model":{"type":"minecraft:model","model":"minecraft:item/effect_icon/infested"}}],"fallback":{"type":"minecraft:empty"}}]}}