{
	"credit": "Made with Blockbench",
	"textures": {
		"0": "rune/texture1",
		"1": "rune/texture",
		"particle": "rune/texture1"
	},
	"elements": [
		{
			"from": [8.25, 1.55833, 6.76667],
			"to": [8.5, 10.05833, 9.76667],
			"rotation": {"angle": 0, "axis": "y", "origin": [8, 8, 8]},
			"faces": {
				"north": {"uv": [0, 0, 0, 3], "texture": "#1"},
				"east": {"uv": [0, 6, 3, 16], "texture": "#0"},
				"south": {"uv": [0, 6, 0.5, 16], "texture": "#0"},
				"west": {"uv": [13, 6, 16, 16], "texture": "#0"},
				"up": {"uv": [0, 0, 0.25, 3], "texture": "#1"},
				"down": {"uv": [0, 0, 0.25, 3], "texture": "#1"}
			}
		},
		{
			"from": [8.25, 10.05833, 6.76667],
			"to": [8.5, 10.55833, 7.26667],
			"rotation": {"angle": 0, "axis": "y", "origin": [8, 8, 8]},
			"faces": {
				"north": {"uv": [15, 0, 16, 1], "texture": "#1"},
				"east": {"uv": [15, 0, 16, 1], "texture": "#1"},
				"south": {"uv": [15, 0, 16, 1], "texture": "#1"},
				"west": {"uv": [15, 0, 16, 1], "texture": "#1"},
				"up": {"uv": [15, 0, 16, 1], "texture": "#1"},
				"down": {"uv": [15, 0, 16, 1], "texture": "#1"}
			}
		},
		{
			"from": [8.25, 10.05833, 7.26667],
			"to": [8.5, 11.05833, 7.76667],
			"rotation": {"angle": 0, "axis": "y", "origin": [8, 8, 8]},
			"faces": {
				"north": {"uv": [0, 0, 1, 1], "texture": "#1"},
				"east": {"uv": [15, 0, 16, 2], "texture": "#1"},
				"south": {"uv": [5, 0, 6, 1], "texture": "#1"},
				"west": {"uv": [15, 0, 16, 2], "texture": "#1"},
				"up": {"uv": [0, 0, 1, 1], "texture": "#1"},
				"down": {"uv": [3, 0, 4, 1], "texture": "#1"}
			}
		},
		{
			"from": [8.25, 10.05833, 7.76667],
			"to": [8.5, 11.55833, 8.26667],
			"rotation": {"angle": 0, "axis": "y", "origin": [8, 8, 8]},
			"faces": {
				"north": {"uv": [0, 0, 1, 1], "texture": "#1"},
				"east": {"uv": [15, 0, 16, 3], "texture": "#1"},
				"south": {"uv": [0, 0, 1, 1], "texture": "#1"},
				"west": {"uv": [15, 0, 16, 3], "texture": "#1"},
				"up": {"uv": [0, 0, 1, 1], "texture": "#1"},
				"down": {"uv": [0, 0, 1, 1], "texture": "#missing"}
			}
		},
		{
			"from": [8.25, 10.05833, 9.26667],
			"to": [8.5, 13.05833, 9.76667],
			"rotation": {"angle": 0, "axis": "y", "origin": [8, 8, 8]},
			"faces": {
				"north": {"uv": [0, 0, 1, 1], "texture": "#1"},
				"east": {"uv": [0, 0, 1, 6], "texture": "#1"},
				"south": {"uv": [0, 0, 1, 5], "texture": "#1"},
				"west": {"uv": [0, 0, 1, 5], "texture": "#1"},
				"up": {"uv": [0, 0, 1, 1], "texture": "#1"},
				"down": {"uv": [3, 0, 6, 5], "texture": "#1"}
			}
		},
		{
			"from": [8.25, 10.05833, 8.26667],
			"to": [8.5, 12.05833, 8.76667],
			"rotation": {"angle": 0, "axis": "y", "origin": [8, 8, 8]},
			"faces": {
				"north": {"uv": [0, 0, 1, 1], "texture": "#1"},
				"east": {"uv": [15, 0, 16, 4], "texture": "#1"},
				"south": {"uv": [3, 0, 6, 5], "texture": "#1"},
				"west": {"uv": [15, 0, 16, 4], "texture": "#1"},
				"up": {"uv": [0, 0, 1, 1], "texture": "#1"},
				"down": {"uv": [3, 0, 6, 5], "texture": "#1"}
			}
		},
		{
			"from": [8.25, 10.05833, 8.76667],
			"to": [8.5, 12.55833, 9.26667],
			"rotation": {"angle": 0, "axis": "y", "origin": [8, 8, 8]},
			"faces": {
				"north": {"uv": [0, 0, 1, 1], "texture": "#1"},
				"east": {"uv": [15, 0, 16, 5], "texture": "#1"},
				"south": {"uv": [3, 0, 6, 5], "texture": "#1"},
				"west": {"uv": [15, 0, 16, 5], "texture": "#1"},
				"up": {"uv": [0, 0, 1, 1], "texture": "#1"},
				"down": {"uv": [3, 0, 6, 5], "texture": "#1"}
			}
		},
		{
			"from": [7.75, 1.55833, 5.76667],
			"to": [8.25, 10.55833, 9.76667],
			"rotation": {"angle": 0, "axis": "y", "origin": [8, 8, 8]},
			"faces": {
				"north": {"uv": [12, 6, 12.5, 16], "texture": "#0"},
				"east": {"uv": [0, 6, 4, 16], "texture": "#0"},
				"south": {"uv": [12, 6, 12.5, 16], "texture": "#0"},
				"west": {"uv": [12, 6, 16, 16], "texture": "#0"},
				"up": {"uv": [12, 6, 13, 16], "texture": "#0"},
				"down": {"uv": [12, 6, 13, 16], "texture": "#0"}
			}
		},
		{
			"from": [7.75, 10.55833, 5.76667],
			"to": [8.25, 11.05833, 6.26667],
			"rotation": {"angle": 0, "axis": "y", "origin": [8, 8, 8]},
			"faces": {
				"north": {"uv": [5, 1, 5.5, 1.5], "texture": "#1"},
				"east": {"uv": [5, 1, 5.5, 1.5], "texture": "#1"},
				"south": {"uv": [5, 1, 5.5, 1.5], "texture": "#1"},
				"west": {"uv": [5, 1, 5.5, 1.5], "texture": "#1"},
				"up": {"uv": [5, 1, 5.5, 1.5], "texture": "#1"},
				"down": {"uv": [5, 1, 5.5, 1.5], "texture": "#1"}
			}
		},
		{
			"from": [7.75, 10.55833, 9.26667],
			"to": [8.25, 14.55833, 9.76667],
			"rotation": {"angle": 0, "axis": "y", "origin": [8, 8, 8]},
			"faces": {
				"north": {"uv": [3, 0, 3.5, 4.5], "texture": "#1"},
				"east": {"uv": [3, 0, 3.5, 4.5], "texture": "#1"},
				"south": {"uv": [3, 0, 3.5, 4.5], "texture": "#1"},
				"west": {"uv": [3, 0, 3.5, 4.5], "texture": "#1"},
				"up": {"uv": [3, 0, 3.5, 4.5], "texture": "#1"},
				"down": {"uv": [3, 0, 3.5, 4.5], "texture": "#1"}
			}
		},
		{
			"from": [7.75, 12.05833, 8.76667],
			"to": [8.25, 14.05833, 9.26667],
			"rotation": {"angle": 0, "axis": "y", "origin": [8, 8, 8]},
			"faces": {
				"north": {"uv": [0, 0, 0.5, 2], "texture": "#0"},
				"east": {"uv": [0, 0, 0.5, 2], "texture": "#0"},
				"south": {"uv": [0, 0, 0.5, 2], "texture": "#0"},
				"west": {"uv": [0, 0, 0.5, 2], "texture": "#0"},
				"up": {"uv": [0, 0, 0.5, 0.5], "texture": "#0"},
				"down": {"uv": [0, 0, 0.5, 2], "texture": "#0"}
			}
		},
		{
			"from": [7.75, 11.55833, 8.26667],
			"to": [8.25, 13.55833, 8.76667],
			"rotation": {"angle": 0, "axis": "y", "origin": [8, 8, 8]},
			"faces": {
				"north": {"uv": [0, 0, 0.5, 2], "texture": "#0"},
				"east": {"uv": [0, 0, 0.5, 2], "texture": "#0"},
				"south": {"uv": [0, 0, 0.5, 2], "texture": "#0"},
				"west": {"uv": [0, 0, 0.5, 2], "texture": "#0"},
				"up": {"uv": [0, 0, 0.5, 0.5], "texture": "#0"},
				"down": {"uv": [0, 0, 0.5, 2], "texture": "#0"}
			}
		},
		{
			"from": [7.75, 11.05833, 7.76667],
			"to": [8.25, 13.05833, 8.26667],
			"rotation": {"angle": 0, "axis": "y", "origin": [8, 8, 8]},
			"faces": {
				"north": {"uv": [0, 0, 0.5, 2], "texture": "#0"},
				"east": {"uv": [0, 0, 0.5, 2], "texture": "#0"},
				"south": {"uv": [0, 0, 0.5, 2], "texture": "#0"},
				"west": {"uv": [0, 0, 0.5, 2], "texture": "#0"},
				"up": {"uv": [0, 0, 0.5, 0.5], "texture": "#0"},
				"down": {"uv": [0, 0, 0.5, 2], "texture": "#0"}
			}
		},
		{
			"from": [7.75, 10.05833, 6.76667],
			"to": [8.25, 12.05833, 7.26667],
			"rotation": {"angle": 0, "axis": "y", "origin": [8, 8, 8]},
			"faces": {
				"north": {"uv": [0, 0, 0.5, 1.5], "texture": "#0"},
				"east": {"uv": [0, 0, 0.5, 2], "texture": "#0"},
				"south": {"uv": [0, 0, 0.5, 1.5], "texture": "#0"},
				"west": {"uv": [0, 0, 0.5, 2], "texture": "#0"},
				"up": {"uv": [0, 0, 0.5, 0.5], "texture": "#0"},
				"down": {"uv": [0, 0, 0.5, 1], "texture": "#0"}
			}
		},
		{
			"from": [7.75, 10.55833, 7.26667],
			"to": [8.25, 12.55833, 7.76667],
			"rotation": {"angle": 0, "axis": "y", "origin": [8, 8, 8]},
			"faces": {
				"north": {"uv": [0, 0, 0.5, 2], "texture": "#0"},
				"east": {"uv": [0, 0, 0.5, 2], "texture": "#0"},
				"south": {"uv": [0, 0, 0.5, 2], "texture": "#0"},
				"west": {"uv": [0, 0, 0.5, 2], "texture": "#0"},
				"up": {"uv": [0, 0, 0.5, 0.5], "texture": "#0"},
				"down": {"uv": [0, 0, 0.5, 2], "texture": "#0"}
			}
		},
		{
			"from": [7.75, 10.55833, 6.26667],
			"to": [8.25, 11.55833, 6.76667],
			"rotation": {"angle": 0, "axis": "y", "origin": [8, 8, 8]},
			"faces": {
				"north": {"uv": [2, 0, 2.5, 1], "texture": "#0"},
				"east": {"uv": [2, 0, 2.5, 1], "texture": "#0"},
				"south": {"uv": [2, 0, 2.5, 1], "texture": "#0"},
				"west": {"uv": [2, 0, 2.5, 1], "texture": "#0"},
				"up": {"uv": [2, 0, 2.5, 0.5], "texture": "#0"},
				"down": {"uv": [2, 0, 2.5, 0.5], "texture": "#0"}
			}
		},
		{
			"from": [6.95, 0.95833, 8.76667],
			"to": [9.05, 1.55833, 10.76667],
			"rotation": {"angle": 0, "axis": "y", "origin": [8, 8, 8]},
			"faces": {
				"north": {"uv": [7.5, 15.5, 10.5, 16], "texture": "#0"},
				"east": {"uv": [7.5, 14, 10.5, 14.5], "texture": "#0"},
				"south": {"uv": [7.5, 15.5, 10.5, 16], "texture": "#0"},
				"west": {"uv": [7.5, 15.5, 10.5, 16], "texture": "#0"},
				"up": {"uv": [7.5, 14, 10.5, 16], "texture": "#0"},
				"down": {"uv": [7.5, 14, 10.5, 16], "texture": "#0"}
			}
		},
		{
			"from": [6.95, 0.95833, 4.76667],
			"to": [9.05, 1.55833, 6.76667],
			"rotation": {"angle": 0, "axis": "y", "origin": [8, 8, 8]},
			"faces": {
				"north": {"uv": [7.5, 15.5, 10.5, 16], "texture": "#0"},
				"east": {"uv": [7.5, 14, 10.5, 14.5], "texture": "#0"},
				"south": {"uv": [7.5, 15.5, 10.5, 16], "texture": "#0"},
				"west": {"uv": [7.5, 15.5, 10.5, 16], "texture": "#0"},
				"up": {"uv": [7.5, 14, 10.5, 16], "texture": "#0"},
				"down": {"uv": [7.5, 14, 10.5, 16], "texture": "#0"}
			}
		},
		{
			"from": [6.95, 0.05833, 4.76667],
			"to": [9.05, 0.65833, 6.76667],
			"rotation": {"angle": 0, "axis": "y", "origin": [8, 8, 8]},
			"faces": {
				"north": {"uv": [7.5, 15.5, 10.5, 16], "texture": "#0"},
				"east": {"uv": [7.5, 14, 10.5, 14.5], "texture": "#0"},
				"south": {"uv": [7.5, 15.5, 10.5, 16], "texture": "#0"},
				"west": {"uv": [7.5, 15.5, 10.5, 16], "texture": "#0"},
				"up": {"uv": [7.5, 14, 10.5, 16], "texture": "#0"},
				"down": {"uv": [7.5, 14, 10.5, 16], "texture": "#0"}
			}
		},
		{
			"from": [6.95, 0.05833, 8.76667],
			"to": [9.05, 0.65833, 10.76667],
			"rotation": {"angle": 0, "axis": "y", "origin": [8, 8, 8]},
			"faces": {
				"north": {"uv": [7.5, 15.5, 10.5, 16], "texture": "#0"},
				"east": {"uv": [7.5, 14, 10.5, 14.5], "texture": "#0"},
				"south": {"uv": [7.5, 15.5, 10.5, 16], "texture": "#0"},
				"west": {"uv": [7.5, 15.5, 10.5, 16], "texture": "#0"},
				"up": {"uv": [7.5, 14, 10.5, 16], "texture": "#0"},
				"down": {"uv": [7.5, 14, 10.5, 16], "texture": "#0"}
			}
		},
		{
			"from": [6.5, -0.19167, 6.66667],
			"to": [9.5, 1.80833, 8.86667],
			"rotation": {"angle": 0, "axis": "y", "origin": [8, 8, 8]},
			"faces": {
				"north": {"uv": [7.5, 14, 10.5, 16], "texture": "#0"},
				"east": {"uv": [5.5, 14, 7.5, 16], "texture": "#0"},
				"south": {"uv": [7.5, 14, 10.5, 16], "texture": "#0"},
				"west": {"uv": [5.5, 14, 7.5, 16], "texture": "#0"},
				"up": {"uv": [7.5, 15.5, 10.5, 16], "texture": "#0"},
				"down": {"uv": [7.5, 15.5, 10.5, 16], "texture": "#0"}
			}
		},
		{
			"from": [7.25, -4.44167, 7.01667],
			"to": [8.75, 0.05833, 8.51667],
			"rotation": {"angle": 0, "axis": "y", "origin": [8, 8, 8]},
			"faces": {
				"north": {"uv": [4, 11.5, 5.5, 16], "texture": "#0"},
				"east": {"uv": [4, 11.5, 5.5, 16], "texture": "#0"},
				"south": {"uv": [4, 11.5, 5.5, 16], "texture": "#0"},
				"west": {"uv": [4, 11.5, 5.5, 16], "texture": "#0"},
				"up": {"uv": [4, 11.5, 5.5, 16], "texture": "#0"},
				"down": {"uv": [4, 11.5, 5.5, 16], "texture": "#0"}
			}
		},
		{
			"from": [7, -6.44167, 6.76667],
			"to": [9, -4.44167, 8.76667],
			"rotation": {"angle": 0, "axis": "y", "origin": [8, 8, 8]},
			"faces": {
				"north": {"uv": [5.5, 14, 7.5, 16], "texture": "#0"},
				"east": {"uv": [5.5, 14, 7.5, 16], "texture": "#0"},
				"south": {"uv": [5.5, 14, 7.5, 16], "texture": "#0"},
				"west": {"uv": [5.5, 14, 7.5, 16], "texture": "#0"},
				"up": {"uv": [5.5, 14, 7.5, 16], "texture": "#0"},
				"down": {"uv": [5.5, 14, 7.5, 16], "texture": "#0"}
			}
		},
		{
			"from": [7.5, 1.55833, 6.76667],
			"to": [7.75, 10.05833, 9.76667],
			"rotation": {"angle": 0, "axis": "y", "origin": [8, 8, 8]},
			"faces": {
				"north": {"uv": [0, 0, 0, 3], "texture": "#1"},
				"east": {"uv": [0, 6, 3, 16], "texture": "#0"},
				"south": {"uv": [0, 6, 0.5, 16], "texture": "#0"},
				"west": {"uv": [13, 6, 16, 16], "texture": "#0"},
				"up": {"uv": [0, 0, 0.25, 3], "texture": "#1"},
				"down": {"uv": [0, 0, 0.25, 3], "texture": "#1"}
			}
		},
		{
			"from": [7.5, 10.05833, 6.76667],
			"to": [7.75, 10.55833, 7.26667],
			"rotation": {"angle": 0, "axis": "y", "origin": [8, 8, 8]},
			"faces": {
				"north": {"uv": [15, 0, 16, 1], "texture": "#1"},
				"east": {"uv": [15, 0, 16, 1], "texture": "#1"},
				"south": {"uv": [15, 0, 16, 1], "texture": "#1"},
				"west": {"uv": [15, 0, 16, 1], "texture": "#1"},
				"up": {"uv": [15, 0, 16, 1], "texture": "#1"},
				"down": {"uv": [15, 0, 16, 1], "texture": "#1"}
			}
		},
		{
			"from": [7.5, 10.05833, 7.26667],
			"to": [7.75, 11.05833, 7.76667],
			"rotation": {"angle": 0, "axis": "y", "origin": [8, 8, 8]},
			"faces": {
				"north": {"uv": [0, 0, 1, 1], "texture": "#1"},
				"east": {"uv": [15, 0, 16, 2], "texture": "#1"},
				"south": {"uv": [5, 0, 6, 1], "texture": "#1"},
				"west": {"uv": [15, 0, 16, 2], "texture": "#1"},
				"up": {"uv": [0, 0, 1, 1], "texture": "#1"},
				"down": {"uv": [3, 0, 4, 1], "texture": "#1"}
			}
		},
		{
			"from": [7.5, 10.05833, 7.76667],
			"to": [7.75, 11.55833, 8.26667],
			"rotation": {"angle": 0, "axis": "y", "origin": [8, 8, 8]},
			"faces": {
				"north": {"uv": [0, 0, 1, 1], "texture": "#1"},
				"east": {"uv": [15, 0, 16, 3], "texture": "#1"},
				"south": {"uv": [0, 0, 1, 1], "texture": "#1"},
				"west": {"uv": [15, 0, 16, 3], "texture": "#1"},
				"up": {"uv": [0, 0, 1, 1], "texture": "#1"},
				"down": {"uv": [0, 0, 1, 1], "texture": "#missing"}
			}
		},
		{
			"from": [7.5, 10.05833, 9.26667],
			"to": [7.75, 13.05833, 9.76667],
			"rotation": {"angle": 0, "axis": "y", "origin": [8, 8, 8]},
			"faces": {
				"north": {"uv": [0, 0, 1, 1], "texture": "#1"},
				"east": {"uv": [0, 0, 1, 6], "texture": "#1"},
				"south": {"uv": [0, 0, 1, 5], "texture": "#1"},
				"west": {"uv": [0, 0, 1, 5], "texture": "#1"},
				"up": {"uv": [0, 0, 1, 1], "texture": "#1"},
				"down": {"uv": [3, 0, 6, 5], "texture": "#1"}
			}
		},
		{
			"from": [7.5, 10.05833, 8.26667],
			"to": [7.75, 12.05833, 8.76667],
			"rotation": {"angle": 0, "axis": "y", "origin": [8, 8, 8]},
			"faces": {
				"north": {"uv": [0, 0, 1, 1], "texture": "#1"},
				"east": {"uv": [15, 0, 16, 4], "texture": "#1"},
				"south": {"uv": [3, 0, 6, 5], "texture": "#1"},
				"west": {"uv": [15, 0, 16, 4], "texture": "#1"},
				"up": {"uv": [0, 0, 1, 1], "texture": "#1"},
				"down": {"uv": [3, 0, 6, 5], "texture": "#1"}
			}
		},
		{
			"from": [7.5, 10.05833, 8.76667],
			"to": [7.75, 12.55833, 9.26667],
			"rotation": {"angle": 0, "axis": "y", "origin": [8, 8, 8]},
			"faces": {
				"north": {"uv": [0, 0, 1, 1], "texture": "#1"},
				"east": {"uv": [15, 0, 16, 5], "texture": "#1"},
				"south": {"uv": [3, 0, 6, 5], "texture": "#1"},
				"west": {"uv": [15, 0, 16, 5], "texture": "#1"},
				"up": {"uv": [0, 0, 1, 1], "texture": "#1"},
				"down": {"uv": [3, 0, 6, 5], "texture": "#1"}
			}
		}
	],
	"display": {
		"thirdperson_righthand": {
			"translation": [0, 8.25, 2]
		},
		"thirdperson_lefthand": {
			"translation": [0, 8.25, 2]
		},
		"firstperson_righthand": {
			"rotation": [6, 0, 0],
			"translation": [3, 7, 0.25],
			"scale": [0.75, 0.75, 0.75]
		},
		"firstperson_lefthand": {
			"rotation": [6, 0, 0],
			"translation": [3, 7, 0.25],
			"scale": [0.75, 0.75, 0.75]
		},
		"ground": {
			"rotation": [-90, -90, 0],
			"translation": [0, 0, -3.25]
		},
		"gui": {
			"rotation": [0, 90, 0],
			"translation": [0, 3.5, 0],
			"scale": [0.85, 0.85, 0.85]
		},
		"fixed": {
			"rotation": [0, -90, 0],
			"translation": [0, 3, 0],
			"scale": [0.75, 0.75, 0.75]
		}
	},
	"groups": [
		{
			"name": "group",
			"origin": [0, 0, 0],
			"color": 0,
			"children": [0, 1, 2, 3, 4, 5, 6]
		},
		{
			"name": "group",
			"origin": [0, 0, 0],
			"color": 0,
			"children": [7, 8, 9, 10, 11, 12, 13, 14, 15]
		}, 16, 17, 18, 19, 20, 21, 22,
		{
			"name": "group",
			"origin": [0, 0, 0],
			"color": 0,
			"children": [23, 24, 25, 26, 27, 28, 29]
		}
	]
}