{
    "parent": "item/hand",
    "textures": {
        "layer0": "items/totem_of_undying"
    },
    "display": {
        "thirdperson": {
            "rotation": [ -90, 0, 0 ],
            "translation": [ 0, 1, -3 ],
            "scale": [ 1.1, 1.1, 1.1 ]
        },
        "firstperson": {
            "rotation": [ 0, -135, 25 ],
            "translation": [ 0, 4, 2 ]
        },
        "gui": {
            "rotation": [0, 0, 0],
            "scale": [2, 2, 2]
        }
    }
}